arm,n,product_views,add_to_carts,checkout_starts,payments,completions,mean_aov,mean_items,mean_page_load_ms,refund_rate,completion_rate
control,24814,8569,2951,1968,1459,1220,286.17435136844233,2.4786885245901638,1849.315680063906,0.0014910937374063029,0.04916579350366729
treatment,25186,9335,3678,2689,2167,1940,281.958278360072,2.5371134020618555,1849.5091228845577,0.003374890812356071,0.07702691971730326
